code_insee,commune,code_region,region,departement,log_rp,log_proprio,log_loc,log_hlm,log_sec,log_maison,log_appart,age_0_14,age_15_29,age_75p,femmes,chom,agric,indep,cadres,interm,empl,ouvr,etud,dipl_aucun,dipl_bepc,dipl_capbep,dipl_bac,dipl_bac2,dipl_sup,resid_sec,proprio,locataire,hlm,maison,appart
75056,Paris,11,Île-de-France,Paris,1159105,384099,713208,203593,97276,10511,1119095,14.416583616774101,23.481972185389676,7.540097142711775,52.94688392191272,11.703505822239444,0.07339371211275376,4.800145802273727,43.07833259994352,23.26818752011349,20.235319615659954,7.441170096085012,72.28263562051028,12.37877137617412,4.413351827544583,7.866556197888061,14.623956209679672,12.529331632858876,44.186146098062764,7.742555801146309,33.137550092528286,61.53092256525509,17.5646727431941,0.9068203484585089,96.5481988258182
